{"device_id": "camera_01", "timestamp": "2026-03-14T03:26:08.918323+00:00", "features": {"most_freq_ip": "185.15.59.224", "most_freq_port": "53", "most_freq_proto": "UDP", "traffic_volume": 1956346.0, "packet_count": 54, "unique_destinations": 4, "unique_dst_ports": 2, "port_entropy": 0.964078764808229, "avg_packet_size": 36228.0, "flow_count": 4, "avg_duration": 0.42797755325672876, "periodicity_score": 0.17247899606398723, "top_ip_periodicity": 0.04553060797019282, "tcp_ratio": 0.3888888888888889, "connection_frequency": 0.3, "destination_repetition_score": 0.6111111111111112, "time_of_day_activity": 0.8535533905932737}, "baseline": {"device_id": "camera_01", "traffic_volume_mean": 100000, "traffic_volume_std": 5000, "unique_destinations_mean": 12, "port_entropy_mean": 0.8, "periodicity_mean": 0.95}, "drift_score": 25.34446092632518, "anomaly_score": 0.007276177216587243, "attack_type": "normal", "attack_breakdown": {"c2_beaconing": 6.321386992931366, "exfiltration": 6.927414983510971, "normal": 7.090376317501068, "policy_violation": 27.725949883461, "recon": 6.3218094408512115, "slow_poisoning": 45.61305642127991}, "final_attack_score": 18.245222568511963, "feature_importance": {}, "device_age": 3.8302532511978096, "device_type": "camera", "trust_score": 83.27163339907764, "risk_score": 16.72836660092236, "policy_score": 50.0, "digital_twin_deviation": 25.34446092632518, "slow_poison_score": 28.402225518598364, "recon_score": 19.996058749854676, "c2_score": 15.0, "impersonation_score": 33.33333333333333, "adversarial_score": 39.02984303778837, "future_risk": 0.0, "predicted_trust_2min": 90.87738871574402, "trend_data": {"trust_slope": 0.0, "anomaly_slope": 0.0, "slow_poison_slope": 0.0, "recon_slope": 0.0, "twin_deviation_slope": 0.0, "adversarial_slope": 0.0, "windows_available": 1}, "age_factor": 0.0}