{"device_id": "camera_01", "timestamp": "2026-03-14T03:30:56.127044+00:00", "features": {"most_freq_ip": "8.8.8.8", "most_freq_port": "443", "most_freq_proto": "TCP", "traffic_volume": 2662759.0, "packet_count": 33, "unique_destinations": 4, "unique_dst_ports": 2, "port_entropy": 0.6840384356390417, "avg_packet_size": 80689.0, "flow_count": 4, "avg_duration": 0.868024066542646, "periodicity_score": 0.09249007980115381, "top_ip_periodicity": 0.00589313421237174, "tcp_ratio": 0.8181818181818182, "connection_frequency": 0.18333333333333332, "destination_repetition_score": 0.45454545454545453, "time_of_day_activity": 0.8535533905932737}, "baseline": {"device_id": "camera_01", "traffic_volume_mean": 100000, "traffic_volume_std": 5000, "unique_destinations_mean": 12, "port_entropy_mean": 0.8, "periodicity_mean": 0.95}, "drift_score": 23.888673707008827, "anomaly_score": 0.01382738478008072, "attack_type": "normal", "attack_breakdown": {"c2_beaconing": 3.8277852535247803, "exfiltration": 4.194752871990204, "policy_violation": 4.962246417999268, "recon": 3.828040361404419, "slow_poisoning": 18.83014678955078}, "final_attack_score": 18.83014678955078, "heuristic_breakdown": {"c2_beaconing": 0, "slow_poisoning": 0, "recon": 0, "rogue_device": 0, "adversarial": 62.15634869598924, "impersonation": 33.33333333333333}, "feature_importance": {}, "device_age": 3.8302532511978096, "device_type": "camera", "trust_score": 81.2350605382652, "risk_score": 18.764939461734798, "policy_score": 50.0, "digital_twin_deviation": 23.888673707008827, "slow_poison_score": 28.111068074735094, "recon_score": 15.255477201370269, "c2_score": 0.0, "impersonation_score": 33.33333333333333, "adversarial_score": 62.15634869598924, "future_risk": 0.0, "predicted_trust_2min": 90.58492660522461, "trend_data": {"trust_slope": 0.0, "anomaly_slope": 0.0, "slow_poison_slope": 0.0, "recon_slope": 0.0, "twin_deviation_slope": 0.0, "adversarial_slope": 0.0, "windows_available": 1}, "age_factor": 0.0}