{"device_id": "camera_01", "timestamp": "2026-03-14T03:11:52.825843+00:00", "features": {"most_freq_ip": "185.15.59.224", "most_freq_port": "53", "most_freq_proto": "UDP", "traffic_volume": 2650153.0, "packet_count": 74, "unique_destinations": 15, "unique_dst_ports": 2, "port_entropy": 0.9568886656798212, "avg_packet_size": 35812.0, "flow_count": 15, "avg_duration": 0.43020277832426573, "periodicity_score": 0.1905895809933434, "tcp_ratio": 0.3783783783783784, "connection_frequency": 0.4111111111111111, "destination_repetition_score": 0.6216216216216216, "time_of_day_activity": 0.8535533905932737}, "baseline": {"device_id": "camera_01", "traffic_volume_mean": 100000, "traffic_volume_std": 5000, "unique_destinations_mean": 12, "port_entropy_mean": 0.8, "periodicity_mean": 0.95}, "drift_score": 9.336781166046176, "anomaly_score": 0.03706606902294396, "attack_type": "slow_poisoning", "attack_breakdown": {"c2_beaconing": 4.934150353074074, "exfiltration": 5.407184734940529, "normal": 5.452708154916763, "policy_violation": 21.65076434612274, "recon": 26.951974630355835, "slow_poisoning": 35.60321033000946}, "final_attack_score": 35.60321033000946, "feature_importance": {}, "device_age": 3.8302532511978096, "device_type": "camera", "trust_score": 83.04199176660283, "risk_score": 16.958008233397166, "policy_score": 50.0, "digital_twin_deviation": 9.336781166046176, "slow_poison_score": 25.200689566542565, "recon_score": 29.095448322653066, "c2_score": 15.0, "impersonation_score": 25.0, "adversarial_score": 47.755386064300225, "future_risk": 0.0, "predicted_trust_2min": 82.19839483499527, "trend_data": {"trust_slope": 0.0, "anomaly_slope": 0.0, "slow_poison_slope": 0.0, "recon_slope": 0.0, "twin_deviation_slope": 0.0, "adversarial_slope": 0.0, "windows_available": 0}, "age_factor": 4.151266255989048}